Date,Open,High,Low,Close,Volume,20D MA,50D MA,RSI,MACD
1/1/2020,137.4540119,140.9448205,136.5283472,137.530339,153302,145.7812215,144.457469,63.07259895,1.122927413
1/2/2020,195.0714306,197.7519125,192.3619259,194.9881582,181234,145.7812215,144.457469,58.36054897,0.83395879
1/3/2020,173.1993942,174.7470323,168.834665,171.3019624,69675,145.7812215,144.457469,37.08683701,-1.311643083
1/4/2020,159.8658484,163.9348235,156.204724,159.2308397,123997,145.7812215,144.457469,50.29785464,1.889679996
1/5/2020,115.601864,119.0255199,111.5690583,115.1226465,198087,145.7812215,144.457469,57.09549286,-0.204745417
1/6/2020,115.599452,116.4125367,112.3055352,115.1947432,190905,145.7812215,144.457469,39.40148859,-1.363899985
1/7/2020,105.8083612,110.3629971,102.3469784,106.1290507,57896,145.7812215,144.457469,63.22754042,-1.279216983
1/8/2020,186.6176146,190.7303008,182.3716363,186.7520248,99733,145.7812215,144.457469,51.7931063,-1.607060031
1/9/2020,160.1115012,164.8605007,158.8631611,160.5431215,91800,145.7812215,144.457469,36.60968202,1.214072434
1/10/2020,170.8072578,174.4358553,168.360133,171.8667908,146044,145.7812215,144.457469,53.31937705,-1.511878023
1/11/2020,102.0584494,105.1255254,100.9524022,103.3103924,55347,145.7812215,144.457469,69.98855217,-1.499498971
1/12/2020,196.9909852,199.0822004,192.0526452,197.8634775,183715,145.7812215,144.457469,36.02085967,1.401886459
1/13/2020,183.2442641,187.9079065,178.5239674,185.0663589,90785,145.7812215,144.457469,62.6702772,-0.621583662
1/14/2020,121.2339111,125.5642305,121.036777,119.3068414,68681,145.7812215,144.457469,38.29236013,-1.876568383
1/15/2020,118.1824967,118.4085901,114.6546209,116.9656087,153864,145.7812215,144.457469,61.29553318,-1.792418802
1/16/2020,118.340451,118.4722859,113.7142094,116.3707025,196964,145.7812215,144.457469,59.38311692,-1.431318213
1/17/2020,130.4242243,132.3065411,129.5213476,131.0141232,97299,145.7812215,144.457469,42.01957542,-1.146426608
1/18/2020,152.4756432,156.5284098,149.635917,154.0677654,67073,145.7812215,144.457469,43.0329247,0.660584777
1/19/2020,143.1945019,148.1308825,138.6170604,142.1684311,152304,145.7812215,144.457469,61.70085568,-1.37069488
1/20/2020,129.122914,129.8749985,128.9531841,130.8310522,80682,145.7812215,144.457469,48.45782048,-1.524502435
1/21/2020,161.1852895,164.155943,157.6981881,159.426359,174302,146.8760225,144.457469,59.23272115,1.058876566
1/22/2020,113.9493861,115.8538403,112.462641,115.6871302,195361,142.9109711,144.457469,35.91936589,0.684221135
1/23/2020,129.2144649,134.0640368,124.5924839,128.6209556,165359,140.7769208,144.457469,64.10231128,-0.258703114
1/24/2020,136.6361843,140.8467789,131.7808931,135.0418676,188999,139.5674722,144.457469,58.43538867,0.197239086
1/25/2020,145.6069984,149.7986419,140.885666,145.5504855,116707,141.0888641,144.457469,66.27771235,-0.752063919
1/26/2020,178.5175961,180.8610619,176.1465251,177.5447024,115428,144.2063621,144.457469,35.29489516,-0.069998319
1/27/2020,119.9673782,122.0414757,115.657165,119.1068698,100601,144.855253,144.457469,53.72058001,0.026690596
1/28/2020,151.4234438,152.7904792,147.2006968,150.6526037,183611,143.050282,144.457469,53.9648234,-0.451050915
1/29/2020,159.2414569,159.5233344,157.6459545,160.4535605,161487,143.0458039,144.457469,44.13842962,1.626288843
1/30/2020,104.6450413,108.9686532,100.5004639,104.8016864,199817,139.6925487,144.457469,48.33865698,-1.93575254
1/31/2020,160.7544852,164.8189902,160.569447,159.999716,78228,142.5270149,144.457469,31.51926253,1.128685052
2/1/2020,117.0524124,122.0510007,114.071063,117.4937475,172788,138.5085284,144.457469,59.83440155,-1.502468675
2/2/2020,106.5051593,111.4883435,105.3551151,107.369762,147239,134.6236985,144.457469,51.97289918,1.190189442
2/3/2020,194.8885537,197.6657123,194.2857193,193.9790497,76928,138.3573089,144.457469,32.30964207,0.463647663
2/4/2020,196.5632033,200.4081404,196.1784373,196.2173997,68322,142.3198985,144.457469,57.23023572,1.373112364
2/5/2020,180.8397348,185.5635635,177.3582909,179.3272792,137896,145.4677273,144.457469,48.67128309,-1.609942697
2/6/2020,130.4613769,134.7096139,128.7620021,129.1859743,112292,145.3763199,144.457469,31.37845038,0.235922536
2/7/2020,109.7672114,111.0039519,106.1433775,110.4916828,79055,143.1975158,144.457469,68.78430907,0.004351521
2/8/2020,168.4233027,170.6760233,168.0965209,167.149056,92891,144.446547,144.457469,67.96448572,0.824772732
2/9/2020,144.0152494,144.6610464,142.4387977,144.1159029,131912,145.1107895,144.457469,50.51609665,0.137162208
2/10/2020,112.2038235,116.9740786,109.506367,113.0400085,187660,142.791472,144.457469,33.74689683,0.162938269
2/11/2020,149.517691,152.5485642,145.5640752,147.9451987,140536,144.4043754,144.457469,60.18484886,-0.281616226
2/12/2020,103.4388521,104.5820661,101.8450896,103.708101,56304,143.1587327,144.457469,49.677244,-0.764662304
2/13/2020,190.9320402,194.2905436,187.8025833,189.9582913,57345,145.9045539,144.457469,42.09789913,-0.070942555
2/14/2020,125.8779982,128.9686394,121.4481094,127.7297057,141006,145.0135149,144.457469,49.6567271,-1.526030565
2/15/2020,166.2522284,168.043042,163.1729125,166.186411,196424,144.4456003,144.457469,50.89776582,1.846053356
2/16/2020,131.1711076,131.7388956,130.0063102,132.3950778,179350,145.1100107,144.457469,52.50846796,0.857643055
2/17/2020,152.0068021,155.3646681,151.8847982,152.2077083,69446,145.187766,144.457469,47.64894855,1.809868467
2/18/2020,154.6710279,157.2725664,150.3205336,152.8446781,52336,144.8073218,144.457469,54.23021213,-1.093090471
2/19/2020,118.4854456,122.3470375,118.3790985,119.0180511,112032,145.5181401,144.457469,66.74938842,1.517364081
2/20/2020,196.9584628,199.5592803,192.5849544,198.7640761,147852,147.4563581,145.6821438,44.49072348,1.235159938
2/21/2020,177.5132823,181.7741898,174.8685967,177.9197296,188593,150.4776572,145.3407752,59.02865853,0.70860965
2/22/2020,193.9498942,196.7094284,189.2545557,195.2266496,68474,154.8705016,145.819269,65.77810227,0.500116744
2/23/2020,189.482735,192.2874249,185.4888189,191.0195609,105718,154.7225271,146.4550434,48.23917103,-0.733801339
2/24/2020,159.7899979,164.1732659,154.8003273,158.702317,94629,152.846773,147.3266368,47.73823346,1.26564314
2/25/2020,192.1874235,194.2048378,190.4338644,191.0356029,95232,153.4321892,148.843454,54.08467941,0.006061846
2/26/2020,108.8492502,109.5193263,105.0133088,109.2931742,136544,152.4375492,148.9067365,53.65627038,-1.716433696
2/27/2020,119.5982862,119.7421996,117.5886317,119.2424001,100669,152.875085,147.556544,62.26357369,-0.748547357
2/28/2020,104.5227289,108.2984152,102.1233508,105.8821741,119184,149.8117409,146.463325,49.05933535,1.741188394
2/29/2020,132.5330331,135.6345808,129.3955058,134.1331256,63140,149.3126021,145.7086517,69.84491799,1.402721042
3/1/2020,138.867729,142.3881278,134.4993434,138.2814145,176468,150.5746724,146.4080722,32.37886275,1.927622792
3/2/2020,127.1349032,128.199724,122.2144858,126.0823854,133457,149.4815317,144.9724503,30.12671394,0.51197353
3/3/2020,182.8737509,183.5556083,179.0323838,183.995853,64357,153.4959193,144.9510402,55.60793246,-1.009959707
3/4/2020,135.6753327,135.748056,133.5864988,134.7745568,161672,150.7367326,145.2603945,41.93739649,-1.348739801
3/5/2020,128.093451,129.8463888,125.986666,129.3839082,118673,150.8194427,145.5087605,39.61529555,-1.252342238
3/6/2020,154.2696083,157.2191968,150.5816968,153.9645613,171673,150.2083502,146.2606377,42.4759632,-1.920817367
3/7/2020,114.0924225,116.0536427,112.8985368,114.7626221,115633,149.3267274,145.9356076,40.2419026,-0.437271556
3/8/2020,180.2196981,182.4070727,179.6673275,178.6018393,146111,150.646434,146.4262891,31.23160199,-1.234289278
3/9/2020,107.4550644,111.9758578,105.6819536,107.9505017,128258,148.4017252,145.7419305,68.8613217,-0.353378158
3/10/2020,198.6886937,200.429971,197.2524987,198.4957644,193996,152.3756108,147.0952248,38.82981954,1.739977727
3/11/2020,177.2244769,179.7944244,175.7429363,177.5709108,119286,151.3159526,147.4581158,59.3611905,-0.277839162
3/12/2020,119.8715682,123.7898332,118.7035294,118.543625,143269,148.3471473,147.5152457,60.50385579,1.511937988
3/13/2020,100.5522117,102.5349256,100.3417458,101.4997067,124071,143.6608002,146.9728207,67.17029592,0.422019067
3/14/2020,181.5461428,184.6565763,181.4567732,182.9973312,80651,143.2596887,147.93193,31.22197828,-1.011473781
3/15/2020,170.6857344,174.9975529,165.7471224,169.5526936,120202,143.8022075,148.4119742,64.88193354,-0.576580963
3/16/2020,172.9007168,177.6483199,170.7618511,171.283575,98777,142.8146061,148.2867516,51.08904723,-1.664321857
3/17/2020,177.1270347,177.8624021,175.2054014,175.221589,198066,146.1110269,149.409046,55.3017644,-0.666149626
3/18/2020,107.4044652,112.0374033,104.0062288,107.9723512,117263,145.5475244,148.555441,55.77881108,0.710163782
3/19/2020,135.8465729,138.3071543,134.7553034,136.274949,150158,147.0671632,148.0718687,62.7919122,-1.711555628
3/20/2020,111.586906,112.8781279,106.8371,111.7736956,60800,145.9491917,148.2113089,43.33629289,-1.178394366
3/21/2020,186.3103426,188.6060214,182.3786175,185.238131,87823,148.2970275,148.7160772,59.32204759,-0.474235834
3/22/2020,162.3298127,167.2299756,161.8827577,161.8934367,113878,150.0875801,149.604071,51.14312439,1.928198148
3/23/2020,133.0898025,135.552893,131.0018986,133.4677078,68708,147.5611728,150.1260299,61.73576057,1.139447292
3/24/2020,106.355835,107.9995931,101.9602435,106.3429025,193891,146.1395901,148.373307,69.62184131,0.933946986
3/25/2020,131.0982322,134.2652364,126.3745721,133.0493743,113870,146.3228634,147.1099465,38.0260407,-1.535236174
3/26/2020,132.5183322,133.7190603,130.1813246,131.0640912,59283,145.1778399,146.1446827,69.78594566,1.123983574
3/27/2020,172.9606178,173.3399345,169.8935609,173.741196,128707,148.1267686,147.0357871,33.59248617,1.141075246
3/28/2020,163.7557471,164.4001457,162.9205774,163.3730222,55774,147.3653277,148.0934139,30.09270192,0.404410783
3/29/2020,188.7212743,189.3615035,183.7654311,188.4340727,192055,151.3895063,148.5191143,31.76647745,1.961447128
3/30/2020,147.2214925,147.981006,146.063134,148.0918836,146468,148.8693122,148.5986339,43.67129619,-0.698984376
3/31/2020,111.9594246,112.6535605,107.2457657,112.7291692,146334,145.6272252,148.5924171,55.31625323,1.765089793
4/1/2020,171.3244787,174.5288524,168.0762455,173.2895027,68133,148.3645191,149.0993032,32.76118164,1.65892446
4/2/2020,176.0785049,176.9879053,173.0398209,174.592082,196011,152.0191378,150.5169828,30.22663258,-1.954077361
4/3/2020,156.1277198,157.8560562,153.5642772,154.5441584,50781,150.5964792,149.8087001,67.48364114,-0.199533894
4/4/2020,177.096718,181.58066,175.9433689,177.9940733,164586,151.0185482,150.8139875,62.87706544,1.908416932
4/5/2020,149.3795596,151.7493678,148.4969195,149.6931073,77624,149.9390248,150.4841214,62.36732685,-1.58751455
4/6/2020,152.2732829,155.6110716,151.1708519,151.3699256,56823,148.7464416,150.8636184,65.37697102,0.191138778
4/7/2020,142.7541018,143.6157012,141.8219105,141.0717793,68489,150.401413,150.6408998,58.00137091,1.915830028
4/8/2020,102.5419127,103.5033578,98.64399031,100.8845457,79118,148.6318928,149.6016971,34.17616519,0.221981696
4/9/2020,110.7891427,110.9934858,109.0385164,112.3659062,150417,148.6615034,149.4686542,45.96400752,-1.240738788
4/10/2020,103.1429186,103.9875939,102.8537052,101.9103879,131816,144.4951162,147.5315805,58.92597946,0.32873292
4/11/2020,163.6410411,165.0339928,158.795528,162.9345274,63565,144.5471708,147.2318764,41.21337843,-1.182237704
4/12/2020,131.4355981,132.3206505,127.0166687,130.3422237,141179,144.3908966,145.9341879,57.49625457,0.078817052
4/13/2020,150.8570691,151.3005818,146.2183077,150.2770543,73648,146.5876041,145.1193378,30.97993793,-1.703831128
4/14/2020,190.7566474,191.3598267,185.7821083,189.0343428,91971,149.3868526,145.7259783,42.24549364,0.421930677
4/15/2020,124.9292229,127.2331168,124.0597467,125.0054621,68658,149.0839211,144.4053755,51.96521345,0.067159757
4/16/2020,141.0382923,142.0699609,139.0570822,139.3087426,71253,147.3622984,145.0056868,55.28359318,0.960645475
4/17/2020,175.5551139,177.3764632,171.7639215,176.7565399,138664,148.0314743,146.1559696,53.08162658,0.522801885
4/18/2020,122.8798165,125.3969029,119.3997135,121.8146649,153850,144.7005039,146.4746194,57.91025104,0.198425074
4/19/2020,107.697991,111.1499651,106.9285115,107.8580386,187924,142.6888117,145.9491177,30.24354993,0.759115397
4/20/2020,128.9751453,129.171706,124.8959797,130.4954616,183623,143.5771263,145.7933987,34.037648,-1.424232346
4/21/2020,116.1221287,120.1191807,114.9999259,116.7256382,121947,140.7489331,145.6062637,64.75777009,0.381438645
4/22/2020,192.9697652,196.1092672,191.8506772,193.1015964,111001,141.6744088,145.7883786,57.26994576,-1.311557589
4/23/2020,180.812038,181.2208331,178.1271658,180.109373,172775,142.9526695,146.6950749,34.51726571,1.702088831
4/24/2020,163.3403757,167.7082688,160.375676,162.6723833,83243,142.186585,147.3608444,63.6829775,-1.726663581
4/25/2020,187.146059,191.750421,184.245628,187.8240068,125939,144.09313,148.0380333,39.68924871,-0.278501001
4/26/2020,180.3672077,180.6725975,179.9097735,182.3437651,107828,145.641822,149.3896562,49.13039537,0.783189911
4/27/2020,118.6570059,120.0413941,114.2697016,119.3043626,188311,144.5534512,148.2037066,35.80786052,-0.167911153
4/28/2020,189.2558998,193.2869062,187.9278996,189.4870335,56710,148.9835755,149.8344373,58.40440226,-1.631618987
4/29/2020,153.9342242,157.6755226,153.2866496,154.8568262,87991,151.1081215,148.9616585,56.67417684,0.213516065
4/30/2020,180.7440155,181.6666206,176.3002751,180.604838,188043,155.0428441,149.0223371,38.44449885,0.566527635
5/1/2020,189.60913,190.6558766,184.8308725,187.8496994,135445,156.2886027,150.4084585,64.53603067,0.815169244
5/2/2020,131.8003475,133.652708,127.4897094,132.0495348,130257,156.3739682,151.0194551,46.05224097,-0.506960742
5/3/2020,111.0051925,113.4278074,106.9576121,112.8356936,87711,154.5019002,149.6162224,41.70060364,0.254639884
5/4/2020,122.7935163,125.8847901,119.5173064,121.494728,56530,151.1249194,148.655063,36.09318358,-0.1972541
5/5/2020,142.7107789,144.5553471,139.956492,143.4707984,61116,152.0481862,148.0988075,40.6467205,0.688224155
5/6/2020,181.8014766,184.1141502,181.3665428,180.6052113,115794,154.1130097,148.20648,30.88107685,0.334227869
5/7/2020,186.0730583,189.810413,184.0307923,186.2163691,181354,154.5860011,149.7713603,53.3302997,0.103024878
5/8/2020,100.6952131,100.8786291,98.83177047,99.08191885,182970,153.4493638,149.0274997,63.68922985,-1.001902533
5/9/2020,151.0747303,152.336915,149.7759613,150.876214,54135,155.6002726,149.8095501,51.95921798,-1.991925929
5/10/2020,141.7411003,145.3078482,138.1239997,142.7657536,187701,156.2137872,148.9601025,38.77095848,-1.303673299
5/11/2020,122.210781,126.6868152,119.7314024,121.6010671,159472,156.4575587,148.1542551,31.34676713,-1.531735834
5/12/2020,111.9865367,114.5449239,111.5813057,112.6461836,175147,152.434788,147.7378247,38.58512293,-0.20366102
5/13/2020,133.7615171,136.4220846,132.6606011,134.943317,139087,150.1764852,148.3098329,46.64485712,0.449032603
5/14/2020,194.2909704,194.8268304,190.8746766,195.9996817,83380,151.8428501,149.5688391,60.38445715,-1.147659965
5/15/2020,132.3202932,134.557355,131.9396389,131.2588615,179951,149.0145929,149.5727345,37.5137141,1.756228384
5/16/2020,151.8790622,154.5421485,147.6230276,151.4763258,67071,147.4712209,149.1274371,58.79165813,-1.973271483
5/17/2020,170.3018959,171.5142484,167.8261633,168.9115599,70074,149.9515808,149.2382079,64.67733873,1.089204061
5/18/2020,136.3629602,137.7091764,133.9600274,138.3328942,117843,147.3938738,148.2361843,48.15787392,0.500819078
5/19/2020,197.1782083,199.0646291,194.2161693,198.8862121,89901,149.5953431,149.2520709,62.85727967,-0.505780796
5/20/2020,196.2447295,196.3450855,192.1213247,196.404558,61205,150.3853291,150.9255786,52.18629392,-1.798044222
5/21/2020,125.1782296,126.7886254,123.4391835,126.5463628,174661,147.3201623,149.9907158,55.48363348,0.509946287
5/22/2020,149.7248506,150.7820906,146.3347698,149.8086825,55906,148.2081197,149.4950478,51.05113841,-0.457545949
5/23/2020,130.087831,131.7253177,127.2591712,130.5821737,183663,149.0954437,149.0158081,48.52690867,1.745068558
5/24/2020,128.4840494,129.0828601,127.1489081,126.8405472,175576,149.3627346,147.9927376,39.38613767,0.1679603
5/25/2020,103.6886947,108.1413311,99.2955448,104.7097764,112987,147.4246835,147.093071,42.12776238,1.758606045
5/26/2020,160.9564334,163.9243957,156.9693033,159.4672873,130685,146.3677873,147.2550182,41.59880476,-1.118065226
5/27/2020,150.2679023,153.6634139,146.9756431,151.5721728,160454,144.6355775,147.4650261,52.53155724,0.902903642
5/28/2020,105.1478751,109.0937313,100.8949665,106.2759875,155487,144.995281,147.572855,34.79814772,0.468996083
5/29/2020,127.8646464,130.3568574,123.5281754,128.6996252,104400,143.8864515,147.8995293,66.67166763,0.957632919
5/30/2020,190.8265886,191.26119,187.2847737,188.9712301,81852,146.1967253,149.6407462,58.82620581,-1.141328544
5/31/2020,123.9561891,126.6417218,119.7711224,123.1687025,102756,146.2751071,148.8454297,46.05782524,0.659978065
6/1/2020,114.4894872,117.4236928,111.0021299,113.5419375,165357,146.3198948,148.509424,36.34496578,-0.007838428
6/2/2020,148.945276,152.6724734,145.5445722,148.3858217,169052,146.99202,148.4715993,65.27968679,0.9712999
6/3/2020,198.5650454,200.7233431,195.4719885,196.9156164,106481,147.0378168,148.6292248,62.9511236,-0.691821423
6/4/2020,124.2055272,124.8434287,120.441944,125.9533584,51283,146.7725416,148.6481827,58.86886211,1.560228102
6/5/2020,167.2135547,168.6324343,166.4205292,167.4287637,83691,147.5701635,149.2105831,40.8618819,-1.662794742
6/6/2020,176.1619615,177.977373,171.7576077,175.3840588,182197,147.8937884,149.1831335,46.0978655,1.228757275
6/7/2020,123.7637544,126.9933406,119.4045368,123.3516805,76170,147.1447278,149.2138738,34.1099301,1.445278503
6/8/2020,172.8216349,175.6755264,172.6753984,172.610445,58438,145.8309394,150.5089219,37.56158099,1.269009245
6/9/2020,136.7783133,138.5587969,132.6492295,137.1806906,70095,142.869746,150.6426265,61.32066549,0.050905577
6/10/2020,163.2305831,168.1631593,162.5862337,163.2933008,197226,144.7070929,151.5739798,58.60154875,-0.24646008
6/11/2020,163.3529711,166.3818452,161.6773768,165.030539,189076,145.4681858,151.0125586,53.73943052,1.985049146
6/12/2020,153.5774684,154.7636024,149.8599271,153.5653223,59752,146.6173432,150.4816776,65.82906904,-1.083312195
6/13/2020,109.028977,109.5378894,108.2251775,110.9976091,105426,145.8251963,149.4481821,53.33066071,0.187503864
6/14/2020,183.5302496,184.2945453,179.4404144,184.9359494,76819,149.8365049,149.390421,48.67872,0.682702102
6/15/2020,132.0780065,133.3077951,127.9173356,130.9120486,142051,148.408743,148.3617866,43.61482985,0.803470543
6/16/2020,118.651851,119.4552579,116.1145124,120.3742319,82994,146.8488459,148.383184,67.61794023,-1.183901337
6/17/2020,104.0775142,105.0103493,104.0455848,102.5429797,196108,146.6621956,146.644303,33.30861846,0.615976369
6/18/2020,159.0892943,160.5147702,157.6541037,160.3590932,147756,148.245169,146.7543483,67.23549488,1.273478266
6/19/2020,167.7564362,168.6233042,164.6718016,167.2789294,190659,147.1605539,146.4878301,63.0685864,-1.799925693
6/20/2020,101.6587829,106.14261,96.752852,103.1706802,145665,146.1606528,144.7942497,35.19719698,1.646085173
6/21/2020,151.2093058,151.6104746,148.0502382,152.6815326,181717,148.1176326,145.2068897,52.59937431,-1.881983779
6/22/2020,122.6495775,125.2721345,121.3505596,123.8732791,131835,146.8920054,145.4276414,64.66191927,-0.57611587
6/23/2020,164.517279,166.5692632,161.3472505,165.6774008,172232,145.3300946,146.3112949,52.87236654,-1.936747215
6/24/2020,117.4366429,122.348536,114.736716,116.6553595,199960,144.8651947,145.7749861,66.28799286,-1.691419326
6/25/2020,169.0937738,169.6539683,165.1945468,167.4174509,93732,144.8646291,145.5112309,67.71935267,1.644673141
6/26/2020,138.6735346,140.6628126,138.1386314,138.2854553,96305,143.0096989,144.5526126,46.89538089,-0.580556677
6/27/2020,193.6729989,198.520351,189.8678594,192.3670969,59346,146.4604697,146.4183162,45.09254646,-0.300913878
6/28/2020,113.7520944,118.07963,111.0457615,114.5318988,50587,143.5565424,145.6914299,67.45284616,-1.138622474
6/29/2020,134.1066351,138.1919955,129.2916751,133.491034,62763,143.3720596,145.5059355,57.00560245,0.388383081
6/30/2020,111.3473521,112.6368663,109.6379913,113.2497929,119615,140.8698842,145.33891,34.64090725,0.379212859
7/1/2020,192.4693618,193.3237998,189.3062524,193.0332501,170987,142.2700197,146.9466513,31.69166997,-0.511198433
7/2/2020,187.7339353,191.0771514,183.0737948,189.0238576,141353,144.0429465,148.0282621,52.58516204,-0.667860513
7/3/2020,125.7941628,130.4410427,125.2816141,124.3242615,145648,144.7092791,146.5947537,67.20683862,1.539857233
7/4/2020,165.9984046,168.7822191,161.3122622,167.4464625,75556,143.8348048,147.3185057,63.7699481,-0.466863041
7/5/2020,181.72222,184.5802835,178.2827914,183.4132488,109042,146.4598648,147.9572442,57.03390986,-0.025996031
7/6/2020,155.5200812,156.9199766,155.1808959,155.4683288,68099,148.2145696,147.6883796,35.56463396,-0.86678095
7/7/2020,152.9650578,156.8125225,151.46024,153.3900696,159089,150.7569241,147.9895231,40.16925535,1.147078013
7/8/2020,124.1852291,125.1204478,120.6443686,125.2444683,194302,149.0011929,146.5166882,65.02044906,-0.410207372
7/9/2020,109.3102768,110.928673,108.9735238,108.0096313,83866,146.037728,144.7487897,37.31228947,0.054444186
7/10/2020,189.7215758,191.848758,186.8107235,189.7318401,155400,150.365786,146.0124992,41.13757633,-0.98657132
7/11/2020,190.0418057,192.5798576,188.3123904,189.6364578,134246,152.2135322,146.8090547,35.18402605,1.950638369
7/12/2020,163.3101457,164.5221944,160.2055681,161.8956417,126975,154.1146504,147.4353241,57.04432926,-0.834017036
7/13/2020,133.9029791,134.4771632,133.6742689,133.3731168,131557,152.4994362,147.5659755,67.75929221,1.082970124
7/14/2020,134.9209575,137.9740577,130.5632734,133.1936467,187488,153.3263505,148.1356529,40.75872126,-0.290017399
7/15/2020,172.5955679,174.0387207,167.728123,170.6988155,122516,153.4904188,148.3602834,49.01626431,-1.17513038
7/16/2020,189.711026,192.6172171,184.8666367,188.2516912,199130,155.9887305,149.0938738,55.37358959,1.198875056
7/17/2020,188.7086424,189.480456,184.9603833,190.5611029,82602,155.8984308,150.7795761,69.97864993,-0.665572844
7/18/2020,177.9875546,180.3932551,177.3371234,178.1856727,179295,159.0811195,151.7692971,34.1923226,1.46077339
7/19/2020,164.2031646,166.8661118,160.4118486,166.0664533,137969,160.7098905,151.3112015,49.94283198,1.66102874
7/20/2020,108.4139965,108.6731142,108.2910619,108.143988,182161,160.4546003,151.0107072,45.4048048,1.439295342
7/21/2020,116.1628714,117.8458928,116.0522537,115.4101359,191559,156.5734445,151.0480712,64.63280661,-1.859968341
7/22/2020,189.8554189,190.5274922,188.2373678,189.8799863,50155,156.616251,151.8779545,49.03870924,1.14949338
7/23/2020,160.642906,160.9597808,158.19969,160.4009527,173950,158.4200855,151.1476612,34.43910098,-0.354642134
7/24/2020,100.9197052,105.8695063,97.06766807,99.3423639,117494,155.0148806,150.6154413,55.37696581,1.494891681
7/25/2020,110.1471543,111.7589235,106.7306774,110.7104595,126229,151.3797412,149.4810753,60.83122473,0.551817051
7/26/2020,166.3501769,170.3995491,164.1206634,165.2143296,154648,151.8670412,149.2776807,30.11525007,1.334572537
7/27/2020,100.5061584,101.7793617,99.13802505,100.9845102,88547,149.2467632,148.8303373,64.35826742,-0.002272921
7/28/2020,116.0808051,119.4883188,111.0951826,116.6816095,78795,148.8186203,147.7117606,37.44092,0.140102018
7/29/2020,154.8733789,158.6745182,152.7424724,153.4814783,71447,151.0922126,148.0377763,52.08277459,-1.422449471
7/30/2020,169.1895198,172.1677135,166.9325846,167.4349183,137960,149.9773665,148.1206087,46.63190003,1.135949435
7/31/2020,165.196126,167.5540069,164.3780068,166.3191723,113278,148.8115023,148.1463813,58.78615266,-0.322441553
8/1/2020,122.4269309,124.4861355,118.4528832,122.2661326,105077,146.8300268,147.5203975,44.84646459,0.000320473
8/2/2020,171.2179221,172.9622635,167.749511,169.4505773,162782,148.6338998,148.6894569,64.79052707,1.140390856
8/3/2020,123.7249087,128.3725545,122.6210607,125.704374,152932,148.2594362,147.5048254,59.21985444,0.3953816
8/4/2020,132.5399698,136.6930669,132.1280646,130.7710921,190600,146.26305,147.5020063,55.90852684,-1.19560509
8/5/2020,174.6491405,179.4742751,171.246644,175.4292814,159869,145.6219296,148.6031073,61.84962382,0.360930637
8/6/2020,164.9632899,165.584776,161.6907338,166.8980056,189251,144.4387747,149.8902078,60.1609214,-0.369468568
8/7/2020,184.922341,188.5766784,183.5560434,183.8790615,98781,144.7234441,150.3606071,31.437547,-0.121897832
8/8/2020,165.7612892,170.4529915,161.0069714,164.3302867,103798,144.6366358,150.3016343,45.78937415,-1.886754902
8/9/2020,156.8308603,157.7370257,156.0755709,155.3164001,148696,146.9952564,151.3445487,67.23229189,-1.159882602
8/10/2020,109.3674768,109.6999581,107.2058028,108.5805774,100939,146.6537785,150.4625296,35.02897076,-0.875847675
8/11/2020,136.7715803,140.4771836,132.0535007,135.1757635,79516,143.9185673,150.6885793,59.48386202,0.851840031
8/12/2020,126.5202368,129.3926023,124.4216002,127.2888821,191521,142.2629638,149.9208089,68.98367245,-1.954030107
8/13/2020,124.3989643,128.6081082,121.2063346,122.6481315,100290,143.4282522,150.0406643,32.08794516,-0.364890955
8/14/2020,197.3010555,197.9999174,195.3130835,197.338744,176688,147.7596664,150.6390902,57.28775523,1.696107482
8/15/2020,139.3097725,143.286109,137.9386965,141.2965599,136661,146.5637779,150.6993123,48.72616565,-1.552477534
8/16/2020,189.2046555,190.2127921,184.2847673,190.4605366,122954,151.0375792,150.6611811,53.16701021,0.065697553
8/17/2020,163.1138626,163.9321423,161.0671926,163.5747404,72746,153.3822358,151.6420379,33.41365346,1.14608953
8/18/2020,179.4811304,180.3024593,175.0106343,178.7061448,117990,154.6434691,152.5463401,31.72027807,1.77012523
8/19/2020,150.2637093,154.3365829,149.1139363,150.7592927,108810,153.8096878,153.2965301,56.67466642,0.987106558
8/20/2020,157.6903885,161.0163746,156.6248649,157.7985543,168362,153.3836569,152.5918362,62.93237719,0.882262195
8/21/2020,149.2517694,151.8670965,149.096099,148.9561029,196295,154.7181554,151.7904811,61.2806134,1.305952361
8/22/2020,119.5242988,121.3184512,116.2659647,118.0471403,183669,152.1479836,151.6649387,51.75222911,-0.215195116
8/23/2020,172.2452115,176.6312142,170.4025798,173.7916284,52659,154.5523463,151.791842,33.99467285,1.22337813
8/24/2020,128.0772362,130.0394618,123.755445,127.8763748,136516,154.4076104,150.6811045,57.52177775,-1.968142381
8/25/2020,102.4315966,106.5145938,100.0655471,101.2100867,124567,150.6966507,149.5959397,39.67555534,1.698244222
8/26/2020,164.5472296,166.7429041,159.7062625,164.018267,65037,150.5526638,149.8085036,66.44274811,-0.226773962
8/27/2020,117.7110679,119.5957901,116.7834404,117.367587,176498,147.2270901,149.650966,63.53061438,0.213520752
8/28/2020,194.0458584,196.3592574,189.7027426,195.35601,62109,148.7783762,151.3978936,58.37531868,-0.980471004
8/29/2020,195.3928577,196.8997471,191.5098734,196.3273152,72010,150.828922,151.5298031,67.95383823,0.970123331
8/30/2020,191.486439,195.2244859,187.6318298,192.5636586,58787,155.028076,151.5883471,31.25687286,-1.693456774
8/31/2020,137.01587,139.529472,132.7919539,135.0599951,189544,155.0222876,151.0516342,59.448017,1.49054321
9/1/2020,101.5456617,102.7067251,97.7405417,101.2102776,111709,153.7183574,150.4083774,43.20971117,1.312467316
9/2/2020,192.8318563,197.3297291,189.7007547,192.7572329,84518,157.2238125,151.5996491,66.24263543,-1.135759535
9/3/2020,142.8184148,144.7378709,142.1621904,140.8951839,103909,154.4016345,151.0035765,40.66700787,1.237297593
9/4/2020,196.6654819,199.3832462,196.502851,195.7047347,68351,157.1220432,151.1526373,58.99425997,1.145430932
9/5/2020,196.3619977,200.8943583,191.7577585,197.403157,65282,157.4691742,151.2894784,65.10588079,0.528866391
9/6/2020,185.3009455,188.4221355,182.217694,183.8493844,55075,158.4829064,151.4027527,31.66627274,-0.505919292
9/7/2020,129.4448892,130.0293794,125.4622028,129.5861297,78365,156.0269057,150.6731462,45.90590318,-0.914004983
9/8/2020,138.5097729,143.2089335,136.1021611,137.3705803,61002,155.35747,151.257678,60.49236128,-1.072865639
9/9/2020,185.1136672,188.2522074,184.5271262,183.1621503,63947,156.6256498,152.6127183,48.19675558,-0.725564149
9/10/2020,131.6922005,133.3667286,131.0662716,130.6570063,144840,155.710695,151.4282587,40.69010519,1.614233774
9/11/2020,116.9492747,117.645635,113.5214482,118.8527697,166219,155.7509765,150.5972951,38.79221395,-1.689436896
9/12/2020,155.6801262,159.6502522,153.5285968,156.8862747,128610,154.9057088,151.7481733,35.26073068,1.315485105
9/13/2020,193.6154774,196.7158412,192.6128538,195.453784,102142,158.2845793,153.4430398,64.28518239,-0.6044397
9/14/2020,169.6029797,172.2702851,167.1450069,169.5543958,106307,161.7017947,153.5298411,53.01421613,0.086397584
9/15/2020,157.006117,161.4755799,156.6850723,155.4450618,185565,161.2731345,154.6190521,33.0553978,1.177942535
9/16/2020,109.7176494,113.6606354,106.8077924,109.9094873,100085,160.9002295,154.4836097,45.30321294,1.537506188
9/17/2020,161.5007227,162.2590971,160.1557556,161.318232,84228,159.1983406,154.6403448,44.70934603,-0.62087432
9/18/2020,199.005385,200.5639953,195.0175895,200.3828133,93472,159.4011155,155.2993027,37.26956763,-0.152626075
9/19/2020,114.0084015,115.2508472,112.4565917,112.4007318,99437,155.3929691,154.2209338,47.42030502,-0.341935741
9/20/2020,151.8329652,155.5526967,149.5568645,151.7859298,109711,156.2292659,154.8113298,43.28397462,-1.946995866
9/21/2020,187.7373072,187.9049694,187.6792045,186.3375019,187888,160.4856271,155.1490683,43.67214822,-0.816228445
9/22/2020,174.0768618,176.9263102,173.7146273,173.3755655,127175,159.5165437,156.1024921,59.56106231,-0.163243065
9/23/2020,169.7015741,173.5138675,167.7391063,170.6510024,114307,161.0043346,156.9000903,38.93053542,-0.355625565
9/24/2020,170.2484084,174.6322366,167.8487142,170.1524809,96733,159.726722,156.7945543,55.67439835,0.88771691
9/25/2020,135.9491151,137.6595239,132.9490124,135.4526683,178202,156.6291975,156.1656476,52.82598496,-0.460785531
9/26/2020,129.3591844,133.4654709,127.9008715,128.9370895,145028,153.8835828,155.0668081,52.72370049,-0.042494204
9/27/2020,180.9361155,181.4892742,177.4612061,180.7739026,192312,156.4429714,155.3956804,56.52029385,-0.281565632
9/28/2020,181.0113395,185.2436009,176.7107275,182.1514056,142493,158.6820127,155.9323806,51.93528145,0.962504596
9/29/2020,186.7072319,187.3446752,182.8079769,188.2755706,175149,158.9376837,157.5262804,65.17020459,1.451889596
9/30/2020,191.3240553,193.3104917,191.1259611,193.145394,58259,162.0621031,158.685673,57.02320368,0.127556316
10/1/2020,151.1342399,155.1207167,148.7317051,152.2818534,178775,163.7335573,159.1855324,51.87853005,1.157728777
10/2/2020,150.1516295,150.9012166,149.6269786,149.4132571,64849,163.3599064,159.720835,63.19052481,-0.812853272
10/3/2020,179.8295179,180.9757749,178.6192928,180.5820567,131768,162.61632,159.3857012,54.2458626,0.165478441
10/4/2020,164.9963931,168.6076559,160.0630801,164.7468056,156108,162.3759405,159.8547061,41.64576991,-0.619080185
10/5/2020,170.1966877,173.7968704,169.48421,169.2153702,139709,163.0644559,159.4298028,38.28379673,-0.343196298
10/6/2020,179.5792669,182.7850051,177.0848262,180.9427533,104869,166.6161192,159.7771631,36.09311143,0.929655459
10/7/2020,189.0005342,192.4702764,185.9097555,187.1542396,176888,167.9079196,159.946125,65.9782085,1.526649929
10/8/2020,133.7995157,136.5131379,130.2871908,135.4065637,113095,164.6591071,159.6390704,58.40541727,-1.514018436
10/9/2020,137.5582953,138.8172906,134.7600518,137.4042051,167886,165.9092808,159.2311834,67.49513753,0.538557026
10/10/2020,109.398194,111.126674,109.3493397,109.9469999,120910,163.8173343,158.4510013,54.13167223,0.32857523
10/11/2020,157.8280141,158.7360027,156.1957076,158.4654298,73567,162.4237307,159.2593671,48.93603526,-1.526339843
10/12/2020,103.5942274,108.1364802,101.0056692,105.1746983,85292,159.0136873,157.8870285,32.38865956,-1.152422678
10/13/2020,146.5598018,149.4767608,146.1204693,147.1064805,124813,157.8364612,158.2716306,56.86569126,-0.755990021
10/14/2020,154.2644635,156.2687206,152.5113288,154.7201978,147136,157.0648471,159.3418329,53.28835039,-1.332275717
10/15/2020,128.6541252,130.9641542,128.4881097,126.9207334,101631,156.6382503,158.5998822,69.60835574,-1.02508207
10/16/2020,159.0833261,163.8197428,158.6904336,159.1569581,59885,158.1492438,159.4356696,39.56635111,-0.929596805
10/17/2020,103.050025,103.816782,101.0654086,101.650701,116314,154.1930837,157.5615634,51.22949421,-0.657304668
10/18/2020,103.7348189,106.665968,103.0712401,104.6845539,115087,150.3197411,155.7287082,56.0382934,0.997561811
10/19/2020,182.2600561,184.7894995,179.4223518,182.3089437,145998,150.0214098,155.5236139,55.78364699,0.287648815
10/20/2020,136.0190641,139.0763353,132.5717393,136.7399753,99812,147.2011388,155.5572135,52.45174172,1.944986688
10/21/2020,112.7060513,112.7966022,108.7031178,110.8727429,108643,145.1306833,155.7504628,61.07712041,-0.341056692
10/22/2020,152.224326,156.5849456,151.2235748,150.5634941,94900,145.1881951,154.906588,38.19924838,1.015460295
10/23/2020,176.9993553,181.6599467,176.1619424,177.8646489,188923,145.0523248,155.6459773,59.02508801,1.485873686
10/24/2020,121.5821027,124.4077687,121.0592635,119.8704401,66288,142.8085065,154.1292914,54.78938286,0.715913972
10/25/2020,162.2890476,165.7723017,159.1068963,160.5740745,122692,142.3764417,153.3927098,65.84300447,-0.352541038
10/26/2020,108.5347465,113.1472434,105.0023679,106.5831804,188440,138.658463,151.8473857,63.88777756,1.014378523
10/27/2020,105.1681721,108.7043653,105.0102414,106.9941777,135436,134.65046,151.3955467,42.60588157,-1.185331449
10/28/2020,153.1354632,153.8981584,148.4544019,154.0854966,96403,135.5844066,151.729845,41.049493,-0.689791339
10/29/2020,154.0635122,156.944954,153.8036557,153.4765178,141170,136.3880222,151.1361323,69.26613295,0.18674102
10/30/2020,163.7429901,166.7765654,161.0365085,162.9291325,59168,139.0371289,151.7815749,51.09060724,0.301637549
10/31/2020,172.6091334,174.7297867,169.0638308,172.0079463,99879,139.7142547,152.8446784,66.25683856,-1.911434098
11/1/2020,197.5852079,201.2674291,193.2303623,198.6838221,109871,144.3897109,153.6806293,36.55524095,1.780456755
11/2/2020,151.6300348,156.3018699,148.0596002,152.2755173,82174,144.6481627,152.817064,55.71275659,0.786509085
11/3/2020,132.2956473,136.9234899,128.2870069,131.0364296,187653,143.4639743,152.0467047,62.39440749,-0.017184999
11/4/2020,179.5186195,181.7728163,177.8213685,178.2150568,160155,146.0286905,152.5021046,67.89580998,1.732508938
11/5/2020,127.0832251,127.6494154,123.0090996,125.4768077,121853,144.344683,152.813451,43.49360564,-0.243617739
11/6/2020,143.8971421,148.8213481,143.4965678,144.5383529,114046,146.4890656,152.4778534,58.9992468,1.921742281
11/7/2020,107.8456381,112.0401286,103.3715549,108.9031288,99678,146.6999943,150.6482597,51.55252036,0.049139029
11/8/2020,102.5350743,103.1583877,99.79711246,101.5952601,76649,142.6643101,150.4321503,32.42515704,-1.54285692
11/9/2020,196.2648415,200.8690509,192.1783526,194.3486213,177795,145.5447424,151.2834041,57.59998949,1.05920389
11/10/2020,183.5980121,187.9474939,181.3364206,181.9266987,138668,149.0974402,151.1951881,57.60386233,0.7155909
11/11/2020,169.5974206,172.1916109,166.3795321,171.4688607,195639,150.1427085,151.157054,67.22427219,1.091946885
11/12/2020,140.8952944,143.8516716,138.2632811,140.0770736,139906,148.2533298,150.5455754,49.89249785,1.805768115
11/13/2020,117.329432,119.3244455,113.6714844,118.4063246,146019,148.180124,149.5106523,39.21003683,1.105957211
11/14/2020,115.6437043,115.9175125,115.2355544,116.1423585,128002,145.9585382,149.1244461,31.78255294,0.445346409
11/15/2020,125.0242898,126.700276,124.7225294,124.5520484,78803,146.8569816,149.0367452,46.62568747,1.429235609
11/16/2020,154.9226665,158.9369337,153.6871503,153.7454155,199302,149.1945435,148.4961755,42.076668,0.692985757
11/17/2020,171.4595923,171.4827524,170.6618689,169.9451379,198934,149.9875256,148.2520501,60.44353224,-0.367523773
11/18/2020,166.0197377,167.6872335,161.6608198,166.4797895,80795,150.6376891,147.8161345,44.17071059,1.542479057
11/19/2020,127.9933897,129.9842332,126.8973198,129.0919248,58770,148.9458288,146.5350651,67.96284785,-1.112398157
11/20/2020,195.4865281,198.1735061,190.6072018,196.0621451,61093,150.1485387,147.410671,68.49240812,0.8585651
11/21/2020,173.7896917,178.3889698,172.1052127,173.9109002,181265,148.9098926,147.9006238,54.83634361,1.52625382
11/22/2020,155.4354053,157.1671352,154.5248157,153.6032101,150311,148.9762772,147.3610469,67.14641148,0.925266079
11/23/2020,161.1720746,162.9068406,157.2235821,163.0460297,67569,150.5767573,147.3270314,60.43417378,0.789101676
11/24/2020,141.9600062,145.6475125,138.6664674,143.154863,61190,148.8237476,146.8058212,51.87438564,1.010553176
11/25/2020,124.773099,127.0341887,122.2821204,123.9443871,112824,148.7471265,145.6658539,37.21231742,-0.139779007
11/26/2020,135.5972679,136.720292,132.8204501,137.5171492,92070,148.3960663,144.6731121,48.34391774,1.496682729
11/27/2020,175.784611,178.0468086,172.1886022,176.1921374,90197,151.7605168,145.4888236,52.43497853,-1.186254099
11/28/2020,101.4393489,102.143634,100.2970752,101.7690395,52261,151.7692058,144.7761203,64.55846323,-1.490454336
11/29/2020,111.6072641,112.489199,106.6255945,112.5995568,187788,147.6817525,144.8291714,49.25333506,-0.85796488
11/30/2020,104.6002642,107.0921031,99.72629839,105.8473434,136795,143.8777848,143.7768097,65.90698691,0.126309587
12/1/2020,104.0728802,106.1675075,100.8212518,104.6987947,78933,140.5392815,143.7672916,56.97395916,0.042247182
12/2/2020,185.5460584,190.1202879,184.5483461,184.0584414,185450,142.7383498,144.5063308,35.47996252,1.282395031
12/3/2020,170.3657859,172.1777554,166.9646447,169.718856,90583,145.3039764,144.806304,69.79925477,-0.381725374
12/4/2020,147.4173829,150.3203247,147.0563909,149.1297175,162082,146.9533444,145.2504837,51.08930643,-0.062622295
12/5/2020,109.7834161,112.9447375,109.6301536,108.6818785,135371,146.1598359,144.2409821,45.67433186,-1.946529267
12/6/2020,149.1615875,149.2270598,147.8731731,148.6502556,161032,145.9050779,145.1809732,56.36455058,-0.361043054
12/7/2020,147.3471771,150.6648639,145.0340623,147.0754846,92604,144.7615952,146.0287918,34.35573256,0.591096932
12/8/2020,117.320187,118.2103668,112.9788245,117.0778069,145074,142.2914961,144.724169,55.46154587,-1.937966677
12/9/2020,143.3851649,148.1905165,139.7493196,143.8369233,123869,143.028746,144.866108,49.92944002,-0.876472139
12/10/2020,139.8504734,140.5937871,136.1369408,141.6227768,55410,140.3067776,145.4811087,46.2669628,-1.168174563
12/11/2020,161.5850098,163.6581304,159.4575431,160.5477807,133375,139.6386216,145.6807944,68.12080085,-1.832058284
12/12/2020,163.5093651,163.9361134,161.7796901,161.9953706,146055,140.0582296,145.3634089,50.90158867,-0.08295964
12/13/2020,104.530401,109.5147722,102.6752072,103.3202829,187868,137.0719423,145.0324057,38.76469918,-1.273106827
12/14/2020,137.4612615,139.9722365,132.5230136,139.0089611,136716,136.8646472,144.6011034,48.35853918,0.972326159
12/15/2020,162.5859916,165.5629167,162.3854456,163.1692348,104245,138.8258896,145.7328245,66.77549618,1.391711535
12/16/2020,150.3136259,150.6490082,145.9784684,149.457253,93056,139.4228948,146.582086,37.04381885,0.182340731
12/17/2020,185.6489841,189.3987865,182.7556071,186.9127719,198781,139.9589265,147.2386315,38.55828155,1.92682937
12/18/2020,165.8693632,166.9188911,163.6762861,167.3148431,108557,143.2362167,147.515398,30.52118271,-0.198085714
12/19/2020,116.2934427,120.7837142,112.6671544,117.6795001,67543,143.4902138,146.6104054,30.56760198,0.053472841
12/20/2020,107.0568747,108.0825729,104.62353,108.7325809,146038,143.6344757,145.3448981,63.17566508,1.956871016
12/21/2020,164.2419278,165.1953664,159.8748116,163.2508919,197796,146.5620806,144.6362395,59.28490427,-1.073806256
12/22/2020,102.6511311,102.8338794,98.14762173,103.6712988,53828,142.5427234,143.6641551,44.20164226,1.770183759
12/23/2020,158.5775581,160.9378929,156.4689535,158.4197161,166656,141.9777665,144.2118209,57.93244629,-1.82864978
12/24/2020,194.0230241,196.8472298,192.6388852,195.3910184,67087,144.2908315,144.5553401,45.80823705,-0.214452439
12/25/2020,157.5474178,157.875961,154.5856661,158.4613805,193677,146.7798066,145.2150315,68.11587184,-1.719985951
12/26/2020,138.8169926,142.6946307,134.2551759,139.9227824,81337,146.3434329,145.1227201,68.68210726,0.916938972
12/27/2020,164.3288218,166.595266,163.2755109,164.9534692,186554,147.2373322,146.2437269,45.71175103,0.433635744
12/28/2020,145.825289,148.4472404,142.7104561,144.5350041,115333,148.610192,147.1025218,64.16887625,0.826537054
12/29/2020,154.5616789,156.7654927,151.4038778,154.7417866,186535,149.1554352,146.3103851,60.92356167,-0.5020784
12/30/2020,194.1464809,196.1502962,190.4809158,196.0851598,120448,151.8785543,146.5935543,42.39999749,-0.522072264
12/31/2020,138.6102638,141.4084654,137.9524254,140.359816,54648,150.8691561,145.9713734,39.28159316,-1.818722884
1/1/2021,196.1190564,196.8952576,192.5399316,194.2917513,180576,152.4839751,147.055667,48.32938602,-0.600220242
1/2/2021,190.5350642,191.4447048,185.9899016,189.1943235,83623,156.7776772,148.471427,61.25395362,1.717153609
1/3/2021,119.5791135,123.8880416,118.6806979,118.1060286,85634,155.7325306,148.5107004,68.40671139,-0.483093851
1/4/2021,106.9361301,111.6667074,105.7484135,107.8400497,164598,152.9660713,148.1764604,60.54316275,1.325470825
1/5/2021,110.0778001,111.9443467,105.2208247,111.3489415,99334,151.0606557,147.3285309,64.2082794,1.369302019
1/6/2021,101.8221826,103.1759059,100.9172978,100.676228,118648,146.7488285,145.9431527,54.12257225,-0.507035375
1/7/2021,109.4442961,112.6642938,105.1723706,109.4677068,72054,143.8564717,144.8029111,63.41631323,0.527954722
1/8/2021,168.3006773,170.3443482,165.8392881,169.6634895,120028,146.4556712,145.6143424,61.37683432,-1.618513591
1/9/2021,107.1188648,107.2457966,105.8827095,108.050071,72207,146.4215457,143.8541009,45.07942168,-1.585285677
1/10/2021,131.897563,132.678326,127.5438135,132.0665119,131554,144.8623267,143.0172131,52.07961208,-1.805369345
1/11/2021,184.4875311,188.0673922,182.2610048,184.8489219,133276,148.9212078,143.6421274,62.19012488,0.324060374
1/12/2021,102.3271936,105.6218133,99.7531068,102.3606358,102781,146.1182538,142.4284195,31.84226937,-0.29571609
1/13/2021,181.4468483,181.5823282,179.6506814,180.6370421,111035,145.380555,143.1780631,62.32317129,0.192129427
1/14/2021,128.1854775,129.2953383,125.2207232,128.4455654,58210,143.8797643,143.2680866,37.11552496,0.084292762
1/15/2021,111.8164828,112.9718567,110.9988634,112.572024,94363,142.5122263,142.7691841,50.58734468,-0.599188036
1/16/2021,169.6737165,173.0331803,167.7183089,171.1670082,128279,142.8229033,142.6686815,62.33101758,0.709893659
1/17/2021,162.8942847,162.9928374,158.0472231,163.4394501,184393,143.7681256,143.9020897,40.15284313,1.034007524
1/18/2021,187.7472014,188.2677443,186.4565342,188.7916875,131348,145.4706206,145.4259324,39.83229757,-1.941486964
1/19/2021,173.5071044,177.5066848,170.2234211,172.1473909,163816,144.2737322,146.7519333,46.11057594,-1.171030801
1/20/2021,180.348093,181.2408163,178.7221427,180.1943229,173053,146.2654575,148.2618439,65.7857119,0.852943472
1/21/2021,128.2034573,131.4671878,124.3360916,126.2407837,116262,142.8629091,147.1054907,30.01771126,-0.45351931
1/22/2021,117.7439544,118.9348683,117.0895861,116.7306698,184832,139.2397265,146.045727,66.05532387,0.649935788
1/23/2021,175.0614752,175.5586821,170.2123699,175.967322,117411,142.1327911,146.5824791,36.15228099,-0.612149361
1/24/2021,180.6834739,181.8993349,178.4145262,182.6507137,73377,145.8733243,148.0618558,69.60345504,-0.436979391
1/25/2021,199.0505142,202.6618489,197.8702619,197.4472266,88211,150.1782386,149.0377952,68.19387972,-1.365284505
1/26/2021,141.2617677,145.54025,140.894284,140.867745,53744,152.1878144,148.9136404,49.78700758,-0.967075921
1/27/2021,137.2018086,141.3529079,136.3530191,138.4020925,74995,153.6345337,149.3401261,50.50880991,0.42164703
1/28/2021,177.6412961,179.6272137,175.0424263,176.4574386,198049,153.9742312,149.9925364,49.26197361,-0.267347555
1/29/2021,134.080354,137.4207797,132.3953381,134.3006938,84542,155.2867623,149.8460948,55.41774583,1.097210732
1/30/2021,193.0757326,194.100654,188.9313157,194.0080177,60651,158.3838376,150.5152995,33.62886809,1.41033982
1/31/2021,185.8412752,187.3070138,183.6868376,186.305217,149239,158.4566524,151.0014965,31.30471793,0.166585673
2/1/2021,142.8994027,147.3810818,141.6558314,141.6515017,128931,160.4211957,151.7681208,32.30811714,1.033069168
2/2/2021,175.0871068,175.1521164,172.0013818,174.5086451,152112,160.1147758,152.4781145,47.77461397,-0.772381947
2/3/2021,175.4542874,175.8818301,171.9204013,176.5894545,66715,162.5219703,152.7465189,41.02191757,-0.340115138
2/4/2021,110.3123869,111.3518182,109.4771773,110.5292929,195448,162.4198337,151.9679597,54.88158249,0.851110705
2/5/2021,190.2552907,190.3879517,189.4171946,188.2762091,111350,163.2752938,151.9952284,69.69769157,-0.455152029
2/6/2021,150.5252372,151.4324144,150.3418801,151.5692003,121425,162.6817813,151.6803156,45.45292692,0.354019741
2/7/2021,182.6457466,185.5609544,178.9637365,180.786992,136120,162.2815465,152.9424654,52.95365016,-1.258508884
2/8/2021,132.0049601,134.1120829,128.6859375,132.9878952,164889,160.3235717,153.4275717,46.62415584,0.39908526
2/9/2021,189.5523228,194.0156814,187.1791685,188.3622451,191130,160.7319678,153.9297988,63.89086671,1.446054829
2/10/2021,138.9201679,143.0073857,134.6993156,140.7524618,124637,161.4575517,154.671422,66.08945614,1.474558559
2/11/2021,101.0837651,102.7928519,97.05541438,100.5555282,120194,160.6487946,153.5141383,65.09422449,0.897377625
2/12/2021,190.5381976,191.8353148,187.6114258,189.8459241,126917,161.3427247,153.4032364,68.97488955,0.983013516
2/13/2021,109.1286677,111.0271297,104.7873113,107.7242199,114200,157.5964001,152.3884932,31.10076741,0.231709781
2/14/2021,131.9313638,134.8828385,130.9021577,131.1537806,155848,154.2817278,152.2131131,63.59264649,0.338672361
2/15/2021,195.0061967,196.3465149,194.4465986,196.5127998,156022,157.0639805,152.8442998,60.07088692,-1.465397674
2/16/2021,195.0607147,198.1814592,193.7119666,197.046052,198226,159.9961785,153.8945207,39.14777638,-0.224563246
2/17/2021,157.3437888,159.3908471,157.0583545,156.8170269,110058,159.0141579,153.9360255,68.25280374,-0.196894865
2/18/2021,163.1837212,165.9439571,160.5278736,162.9781637,112068,160.4480314,153.2738856,35.92711713,1.833991343
2/19/2021,144.8445522,147.0251848,140.1615237,145.732836,149932,158.0342723,153.381346,57.18199709,-0.27565255
2/20/2021,129.3210772,130.793406,129.1243595,130.8658603,187103,155.2623045,152.1128282,38.99560867,0.19737058
2/21/2021,132.8664545,137.6087211,132.255905,133.2386319,72785,154.841661,150.9937143,47.25522595,0.133005597
2/22/2021,167.2518456,171.0698746,164.9908505,166.8179484,144475,154.4571261,151.9679527,58.76639588,0.547046868
2/23/2021,175.2374529,175.9380188,170.5680779,174.8879403,52282,154.3720504,153.3089106,52.53298568,0.992931325
2/24/2021,179.1579044,183.5002443,177.5771238,179.940377,117534,157.8426046,154.6807393,47.10007325,-1.099832495
2/25/2021,178.9618143,181.3989703,176.4256402,176.9746873,124964,157.2775285,156.2067085,43.05353724,0.114897676
2/26/2021,109.1206103,113.5933714,108.912746,109.5989677,169006,155.1790169,156.2093337,63.58638623,1.303670829
2/27/2021,149.4420305,153.4413067,148.7003145,148.8640025,100583,153.5828674,155.7933439,35.75257401,-0.147541145
2/28/2021,105.755876,107.8819435,100.8227254,106.9326653,88392,152.2801059,155.7709958,47.20411506,-0.886169815
3/1/2021,154.9528882,155.0652348,150.1272948,153.3248508,57461,150.5282362,156.1961626,66.15030287,0.618836301
3/2/2021,144.1530501,145.4964369,144.1283502,144.5058592,150123,150.7159061,155.3893013,63.83398202,1.295069583
3/3/2021,188.7704183,191.4785893,184.0113593,188.6943098,60516,155.1228452,157.1159748,46.0376705,-1.747438828
3/4/2021,135.0915013,138.2588924,131.8959016,135.6608034,198586,152.4135891,156.21645,60.52433454,1.107161934
3/5/2021,111.7067016,112.9961401,107.3671102,109.966116,171251,152.5256839,155.8468611,62.92643323,1.286591732
3/6/2021,114.2991682,114.9959486,112.0254689,114.6191034,112493,151.6989501,155.8878026,65.55549696,-0.15390829
3/7/2021,176.1510632,180.3257144,173.573083,176.3970015,86027,150.6931602,155.9924025,51.78023076,1.933222627
3/8/2021,161.8218063,166.7438172,159.3775734,162.0644467,143547,148.9440799,155.9649024,38.17843544,1.146833363
3/9/2021,110.1122676,112.7407185,106.7779463,110.5262183,150127,146.6295395,154.3995931,40.21236306,1.09465026
3/10/2021,108.4106806,109.269077,107.7124243,109.1165524,198930,143.9364589,153.1389763,41.82778696,0.991354298
3/11/2021,170.0969131,171.4584498,169.9470452,171.3168691,129003,145.2156606,152.9614272,53.75209923,-1.397567587
3/12/2021,107.2763006,107.368254,105.7366509,106.3555835,89758,143.9901467,152.5637232,31.31238497,-1.131076454
3/13/2021,182.1860059,186.7575,178.6626021,183.4862036,104312,146.5025253,153.8988339,55.44169875,-0.144039474
3/14/2021,170.6242227,171.2129781,169.6149555,170.6172454,118670,146.6924902,153.7918324,44.57416954,-0.9439826
3/15/2021,108.1348781,111.0174604,104.7677159,106.4431112,132279,143.2702487,152.2676803,41.8096721,-0.339036111
3/16/2021,108.4837714,109.8540475,103.6342112,106.7179751,65434,139.6091286,150.4530953,65.17986283,1.55385644
3/17/2021,198.6639579,201.4348479,198.1944543,198.0009111,125769,140.6604398,151.5957586,48.40009582,1.297307568
3/18/2021,137.4270796,140.6841815,134.064069,138.5666675,116677,142.1088248,151.5990501,33.80212182,0.520159514
3/19/2021,137.0642147,141.2129237,134.8454636,137.8949384,133555,141.5603716,150.8278001,63.06987072,1.432481577
3/20/2021,181.2799567,182.3120631,176.9392455,182.4344166,178379,145.3354592,151.7904745,31.9056503,1.135089556
3/21/2021,194.7248577,194.7798369,193.8391088,194.793934,151665,147.4089133,151.8061929,59.06996897,-0.284060273
3/22/2021,198.6001064,199.2845345,195.1369766,198.3609024,118803,150.1016655,152.0473066,60.95624887,-1.195739392
3/23/2021,175.3378185,179.8379117,171.1472421,173.9276286,141703,149.3633314,152.6928291,44.10410424,0.05680416
3/24/2021,137.6259586,141.9954089,132.9028875,136.9387296,71312,149.4272277,151.9414308,62.99151425,0.94491553
3/25/2021,108.3500717,111.3371372,104.9338315,108.0861491,167961,149.3332294,150.5713647,50.62637623,-0.254321605
3/26/2021,177.7146916,180.7172759,175.2288178,176.0690933,90379,152.4057289,151.8821607,48.53174613,0.667087639
3/27/2021,155.840425,159.1656083,152.7511888,154.7228728,67297,151.3220224,151.211094,31.81613126,-1.622690295
3/28/2021,142.4222009,143.2990573,138.077676,142.8151021,52011,150.3595552,151.036012,41.60116775,0.992018946
3/29/2021,190.6354385,195.2074982,187.7823898,191.578091,170234,154.4121488,151.251834,67.24039884,1.25085448
3/30/2021,111.1197482,113.2136009,110.9678129,113.1131383,94014,154.6119781,150.8543389,45.67295853,0.827351423
3/31/2021,149.2625104,151.1782031,144.607767,150.9949638,192810,153.5958829,150.1069932,51.86802082,1.86905435
4/1/2021,101.1353645,103.729953,97.68773072,101.7056253,144333,153.363385,149.3260565,51.28086716,1.30660823
4/2/2021,146.8660642,147.100894,143.4834973,146.5510564,61120,151.5166276,150.2459671,53.61724359,1.612374912
4/3/2021,105.6303276,106.4617444,104.5519518,106.175037,189839,148.2945172,148.5725493,32.45323823,1.734284334
4/4/2021,111.8817916,115.5719597,108.5873643,113.0243981,72852,148.6235815,148.6785529,44.48705019,1.205391967
4/5/2021,111.7526247,112.166618,109.7833026,110.2259694,129239,148.7989812,148.2599967,58.92513096,0.697035368
4/6/2021,164.9210302,167.9367908,161.6648653,164.5606498,182001,147.1269682,147.6209537,38.02241004,-1.977125675
4/7/2021,174.6044879,175.8312335,174.0715228,175.9636971,141575,148.9968196,147.1993066,38.1431351,-0.136696987
4/8/2021,158.3368765,160.2833546,155.04765,157.8722083,145040,149.9956831,147.2204102,30.40362427,0.284649195
4/9/2021,196.2172548,197.6607235,191.2201862,196.5047439,198510,150.6991995,147.8909418,47.49927706,-0.78387891
4/10/2021,137.487058,139.2654215,137.2459978,137.8381354,55744,147.8514096,147.7330478,65.30937523,-0.727582212
4/11/2021,128.5712086,132.1664382,123.6853377,127.3091136,188141,144.2988201,147.6619129,32.07603774,1.844637663
4/12/2021,186.8599128,188.3455214,184.825373,186.3088546,92359,144.9178814,148.7233173,37.64474838,1.566843461
4/13/2021,122.3595839,125.1916071,118.0058166,121.697629,148746,144.1558264,147.8209109,42.40338153,1.396716022
4/14/2021,196.3222539,198.702506,192.4103265,194.4270408,170906,148.472871,148.2116929,59.26898946,-0.375952793
4/15/2021,101.2154475,104.5338033,98.38036616,99.31221452,57597,144.6350271,146.5991297,55.62542371,-1.945205798
4/16/2021,196.9878827,201.6720314,193.2956366,198.3146708,97093,146.814617,147.0259294,46.63775618,-1.679111014
4/17/2021,104.3159912,107.9788517,99.92341339,103.4082744,164650,144.8442756,146.9021155,60.36275757,-0.751214527
4/18/2021,189.1143114,190.1890133,187.0936098,189.1866264,199765,144.7247024,147.708568,54.38524047,-1.937028348
4/19/2021,152.7701109,152.9260266,151.1349451,151.9650132,170956,146.6672961,148.6092149,65.84163199,-1.931400872
4/20/2021,199.2964796,200.6077998,195.9585127,201.0591966,165598,149.1705077,149.5639018,62.72106997,1.666413207
4/21/2021,107.3796565,110.3550461,103.3404268,106.4168435,183241,149.4060687,148.8021215,40.11254424,0.824634009
4/22/2021,155.3854284,155.6425575,151.5740028,155.1040557,58036,149.8337186,148.1303164,40.85754311,-0.76417604
4/23/2021,196.9302536,199.4120848,192.9411853,198.4211746,81778,154.4460255,149.3855239,35.01425903,-1.46942169
4/24/2021,152.3097844,155.2939987,150.1318678,153.6775187,187416,156.4786815,150.2597519,43.47858903,0.046542872
4/25/2021,162.9398638,164.6110833,158.8506927,161.6842695,68800,159.0515965,151.2010552,69.98175675,-1.978615357
4/26/2021,169.5748689,173.4294299,168.9738236,170.7854421,75372,159.3628361,151.0888241,46.23004674,1.753654975
4/27/2021,145.4541065,145.9870977,142.731661,145.286854,111516,157.828994,150.7532722,38.81953739,-0.340739522
4/28/2021,162.755808,163.1314969,162.7270147,162.6876835,70538,158.0697677,151.7965015,60.49931538,-0.390660179
4/29/2021,158.4314312,162.072375,156.808502,156.9653511,113918,156.0927981,152.7534775,51.69884014,-0.43762557
4/30/2021,190.115801,192.5932576,188.2834934,188.4382071,196045,158.6228017,153.0959042,35.98405798,-1.722686678
5/1/2021,104.544638,107.98665,102.5637746,105.4563953,121155,157.5301658,153.0779205,45.22758725,0.553288959
5/2/2021,128.096319,130.2704557,124.6189829,128.0821636,109500,154.6188312,151.9698397,46.57878862,0.932014479
5/3/2021,195.0411484,196.2731586,193.0983579,194.7885512,160659,158.2733773,152.4532658,60.15318802,0.70450159
5/4/2021,189.0263784,193.12189,186.7829103,189.9444113,77716,158.0492459,154.1232918,30.82685476,-1.446258027
5/5/2021,145.5656753,149.5627547,144.3779546,146.6277269,184308,160.4150215,154.9214868,40.76078587,0.315360672
5/6/2021,162.0132598,165.4867421,160.1470008,160.6488925,196920,158.5317326,154.1744465,50.70385205,0.277937937
5/7/2021,127.7381183,129.098844,126.6017702,128.1790189,52352,159.7702698,153.9666935,40.7538697,1.473643152
5/8/2021,118.812116,121.7632693,118.4461364,117.3535323,183004,156.1786151,153.5558654,55.1373619,-0.483489367
5/9/2021,146.3698405,148.17471,143.3525975,147.3753408,126449,155.9491315,152.8546838,49.27469917,-0.514056225
5/10/2021,135.3352228,135.7931332,131.9941588,135.9630434,58556,152.6943238,151.678066,44.46841019,0.474108235
5/11/2021,158.3656112,162.9521791,155.2681595,160.1920697,136836,155.3830851,150.9146894,67.96834507,0.532290614
5/12/2021,107.7734637,108.4575569,105.4559935,106.0492958,186570,152.9303471,149.5571227,55.28637997,-0.122859091
5/13/2021,197.4394808,202.1906675,195.5405519,195.6676997,100098,152.7926734,150.7317021,35.19765489,-0.227762551
5/14/2021,198.6210744,200.8511033,194.3044062,197.7498227,162169,154.9962886,152.5249756,52.4036679,-0.023409317
